Id;Name;Beschreibung;Deutsch;Englisch;Spanisch;Französisch;Italienisch;Niederländisch;Norwegisch;Polnisch;Portugiesisch;Russisch;Finnisch;Schwedisch
826;abholung;;Abholung;For collection;;;;;;;;;;
714;abk;;Abkürzung;Abbreviation;;;;;;;;;;
879;abroad;;Ausland;Abroad;;;;;;;;;;
30;abteilung;Abteilung;Abteilung;Department;;;;;;;;;;
741;action;;Aktion;Action;;;;;;;;;;
915;actionType;;Art des Eintrages;Type of Action;;;;;;;;;;
770;activ;;aktiv;Activ;;;;;;;;;;
811;additionalDetails;;Voraussetzungen/Informationen zur Rücksendung (max. 500 Zeichen);Additional details about returns (max. 500 signs);;;;;;;;;;
31;admin;;Administration;Administration;;;;;;;;;;
32;administrator;;Administrator;Administrator;;;;;;;;;;
791;allArticleTxt;;Auch Artikel mit kleinerem Bestand einfügen (Bestand wird auf 0 gesetzt);Also include products with smaller stock (for update purpose only, stock is set to 0);;;;;;;;;;
750;allCatDownloadTxt;;Liste GALLAY-Shopkategorien;GALLAY shop category listing;;;;;;;;;;
713;allInterface;;Vorhandene Schnittstellen;Existing Interfaces;;;;;;;;;;
760;allMark;;Alle auswählen;Select all;;;;;;;;;;
761;allMarkOff;;Auswahl entfernen;Clear selection;;;;;;;;;;
136;amd;;Doubleschmuck;Gold Plated Jewellery;;;;;;;;;;
149;article;;Artikel;Article;;;;;;;;;;
165;articleAloneTxt;;Einzelne Artikel auswählen (Artikelnummern durch Komma trennen);Select individual items (separate by comma);;;;;;;;;;
727;articleCategorie;;Produktkategorie;Product Category;;;;;;;;;;
751;articleCountry;;Artikelstandort;Product location;;;;;;;;;;
33;asc;;aufsteigend;Ascending;;;;;;;;;;
34;back;;zurück;Back;;;;;;;;;;
140;backList;;zurück zur Liste;Back to the list;;;;;;;;;;
679;bestand;;Bestand;Stock;;;;;;;;;;
142;bestandOwnTxt;;Eigenen Lagerbestand einschränken;Constrain displayed stock to your own stock;;;;;;;;;;
141;bestandTxt;;Bestand Lager Cottbus einschränken;Constrain displayed stock to our warehouse inventory in Cottbus;;;;;;;;;;
145;bigger;;größer als;More than;;;;;;;;;;
816;bisWiderruf;;Bis auf Widerruf;Until further notice;;;;;;;;;;
683;buildOn;;erstellt am;Created;;;;;;;;;;
799;buyer;;Käufer;Buyer;;;;;;;;;;
1097;byRandom;;per Zufall;Random;;;;;;;;;;
854;calc;;Berechnung;Calculation;;;;;;;;;;
717;calculation;;Preiskalkulation;Price Calculation;;;;;;;;;;
35;captchaField;;Spamgrafik;Anti-SPAM Picture;;;;;;;;;;
36;captchaText;;Bitte mit untenstehender Zeichenfolge bestätigen;Please confirm with the character string below;;;;;;;;;;
862;Cash;;Barzahlung;Cash Payment;;;;;;;;;;
817;category;;Kategorien;Category;;;;;;;;;;
1102;categoryName;;Kategoriename;Category name;;;;;;;;;;
925;change;;ändern;Change;;;;;;;;;;
147;choice;;auswählen;Select;;;;;;;;;;
37;choiceFile;;Bitte wählen Sie eine Datei;Please choose a file;;;;;;;;;;
724;choiceTypeTxt;;Wählen Sie die gewünschte Schnittstelle aus;Select desired interface;;;;;;;;;;
869;closeWindow;;Fenster schliessen;Close Window;;;;;;;;;;
860;COD;;Nachnahme;Cash on Delivery (C.O.D.);;;;;;;;;;
864;CodFee;;Nachnahmegebühr;C.O.D. Fee;;;;;;;;;;
38;comment;;Kommentar;Comment;;;;;;;;;;
924;confirm;;bestätigen;Confirm;;;;;;;;;;
39;contactHead;;<h3>Kontaktseite</h3><div class="white"><p>Bitte benutzen Sie für Anfragen und Anmeldungen dieses E-Mail-Formular.<br>Felder mit Sternchen <span class="inhalt_red">*</span> müssen ausgefüllt werden.</p></div>;<h3>Enquiry form</h3><div class="white"><p>Please use this e-Mail form for enquiries.<br>All fields with <span class="inhalt_red">*</span> are required.</p></div>;;;;;;;;;;
709;content;;Inhaltsbereich;Content Area;;;;;;;;;;
40;country;;Land;Country;;;;;;;;;;
861;CreditCard;;Kreditkarte;Credit Card;;;;;;;;;;
794;crossTrenner;;Cross-Artikel Trenner;Cross-Product Separator;;;;;;;;;;
152;currency;;Währung;Currency;;;;;;;;;;
768;customize;;anpassen;Customize;;;;;;;;;;
41;dataSheet;;Datensatz;Data Set;;;;;;;;;;
1162;dataSheets;;Datensätze;Data Sets;;;;;;;;;;
42;dataSortHead;;Einträge sortieren nach;Sort data by;;;;;;;;;;
144;dauer;;Einstelldauer;Specify duration;;;;;;;;;;
778;days;;Tage;Days;;;;;;;;;;
880;declaration;;Erklärung;Explanation;;;;;;;;;;
43;delete;;löschen;Delete;;;;;;;;;;
851;deleteTxt;;Sollen diese Daten entfernt werden?;Should these data entries be removed?;;;;;;;;;;
857;deliveryTime;;Lieferzeit;Delivery Period;;;;;;;;;;
44;desc;;absteigend;Descending;;;;;;;;;;
1161;description;;Beschreibung;Description;;;;;;;;;;
786;designEntryTxt;;Auswahl eines Templates für die Artikelbeschreibung;Select a template for the product presentation;;;;;;;;;;
834;detailPic;;Detail-Bild;Detail Picture;;;;;;;;;;
45;directory;;Verzeichnis;Directory;;;;;;;;;;
808;dispatchTimeMax;;Versanddauer nach Bezahlung;Maximum dispatching time after payment;;;;;;;;;;
185;domain;Domain;Domain;Domain;;;;;;;;;;
46;download;;Download;Download;;;;;;;;;;
818;downloadLink;;Downloadlink;Download link;;;;;;;;;;
125;edit;;bearbeiten;Edit;;;;;;;;;;
1100;editHTMLCode;Template Code;Hier bitte Ihren Template-Code eingeben (siehe Hilfetext!);Please enter your template code (see help text!);;;;;;;;;;
784;editTemplateTxt;;Template bearbeiten;Edit template content;;;;;;;;;;
838;ekPrice;;EK-Preis;Purchase price;;;;;;;;;;
47;email;;E-Mail;Email;;;;;;;;;;
69;entryToCsv;;Zugang zum CSV-Bereich;Access to CSV area;;;;;;;;;;
48;errorStart;;Es traten folgende Fehler auf:;The following errors occurred:;;;;;;;;;;
49;errorText;;Es ist ein Fehler aufgetreten!;An error occurred!;;;;;;;;;;
863;Escrow;;Treuhandservice;Escrow Service;;;;;;;;;;
802;exchange;;Umtausch;Exchange;;;;;;;;;;
133;existsFile;;vorhandene Dateien;Existing Files;;;;;;;;;;
844;expCat;;Kategorien exportieren (Download);Export Categories (Download);;;;;;;;;;
733;export;;exportieren;Export;;;;;;;;;;
883;exportCurrency;;in Datei;In file;;;;;;;;;;
50;falseCode;;Geben Sie bitte die richtige Zeichenfolge der Spamschutz-Grafik ein.;Please, enter the correct character string from the anti-SPAM picture.;;;;;;;;;;
51;falseEmail;;Diese Emailadresse ist uns nicht bekannt.<br />Vielleicht haben Sie sich nur vertippt? Bitte versuchen Sie es noch einmal.;The email address you entered is not registered.<br />Maybe you just misspelled? Please try again.;;;;;;;;;;
847;falseMemberName;;Dieser Benutzername kann nicht verwendet werden!<br />Es wird weiterhin der alte verwendet. ;This user name is not available!<br />The current one is still in use.;;;;;;;;;;
765;falseNumber;;Die eingegebene Kundennummer ist bereits für einen anderen Kunden vergeben.;The chosen customer ID is already in use by another customer.;;;;;;;;;;
926;falsePass;;Fehler bei der Passworteingabe.;Invalid password;;;;;;;;;;
712;feldtrenner;;Feldtrenner;Area Separator;;;;;;;;;;
52;file;;Datei;File;;;;;;;;;;
721;fileDown;;Zuletzt erstellte Version dieser Datei speichern;Save last version of this file;;;;;;;;;;
685;fileExists;;Die ausgewählte Datei existiert nicht für diesen Benutzer. Mit unten stehenden Links können Sie diese anlegen.;The chosen file type does not exist for this user. You can create it at one of the links below.;;;;;;;;;;
686;fileExistsUser;;Die ausgewählte Datei steht für diesen Benutzer nicht zur Verfügung. Das kann daran liegen das dieser keine Berechtigung dafür hat. Sollte ein anderes Problem vorliegen wenden Sie sich bitte an den Administrator.;The chosen file type is not available for this user. The reason for that could be that the user is not authorized. If you believe there is another problem,  please contact the administrator.;;;;;;;;;;
682;fileInfo;;Datei-Informationen;File Information;;;;;;;;;;
131;fileName;;Dateiname;File Name;;;;;;;;;;
719;fileRefresh;;Diese Datei aktualisieren;Update this file;;;;;;;;;;
720;fileRefreshDown;;Diese Datei aktualisieren und auf meinem Rechner speichern;Update file and download;;;;;;;;;;
53;files;;Dateien;Files;;;;;;;;;;
684;fileSize;;Dateigröße;File Size;;;;;;;;;;
711;fileType;;Dateityp;File Type;;;;;;;;;;
877;filterWzgTxt;;Artikelauswahl nach Warenzugang;Choose products according to new arrivals;;;;;;;;;;
54;firma;;Firma;Company;;;;;;;;;;
780;firstFile;;Hauptdatei;main file;;;;;;;;;;
55;firstName;;Vorname;First Name;;;;;;;;;;
56;firstSite;;erste Seite;First Page;;;;;;;;;;
710;footer;;Fussbereich;Footer;;;;;;;;;;
179;for;;für;For;;;;;;;;;;
57;forgetPassText;;<p>Hier bitte Ihre E-Mail-Adresse eingeben. Die Zugangsdaten werden Ihnen dann zugeschickt.</p>;<p>Please enter your email address and we will send your log-in data to your email account.</p>;;;;;;;;;;
865;formatting;;Formatierung;Formatting;;;;;;;;;;
58;formZeile1;;länger als 1 Monat nicht eingeloggt;You haven't been logged in for more than 1 month;;;;;;;;;;
59;formZeile2;;länger als 2 Monate nicht eingeloggt;You haven't been logged in for more then 2 month.;;;;;;;;;;
60;formZeile3;;0,00 EUR Umsatz;0.00 € sales volume;;;;;;;;;;
61;formZeile4;;Nutzer gesperrt!;User blocked!;;;;;;;;;;
893;fPic;;F-Bild;F-Picture;;;;;;;;;;
1148;freeInterface;;Möchten Sie diese Schnittstelle jetzt freischalten?;Want to unlock this interface now?;;;;;;;;;;
1149;freeInterfaceHeadline;;Aktivieren Sie hier Ihre individuellen CSV-Schnittstellen;activate your interfaces here;;;;;;;;;;
160;from;;von;From;;;;;;;;;;
62;fshop;;Filialshop;Branch Store;;;;;;;;;;
848;gallery;;Galerie;Gallery;;;;;;;;;;
138;gl;;Glasschmuck;Glass Jewellery;;;;;;;;;;
134;go;;Goldschmuck;Gold Jewellery;;;;;;;;;;
139;ha;;Halbfabrikate (lose Teile);Extra Jewellery Parts;;;;;;;;;;
708;head;;Kopfbereich;Head Area;;;;;;;;;;
164;help;;Hilfe;Help;;;;;;;;;;
840;helpInOut;;Hilfe ein-/ausblenden;Help show/hide;;;;;;;;;;
1142;HelpNews;;** Hilfe & News **;** Help & News **;;;;;;;;;;
173;her;;Ihre;Your;;;;;;;;;;
63;herFiles;;Ihre Dateien;Your Files;;;;;;;;;;
809;hitCounter;;Besucherzähler;Hit counter;;;;;;;;;;
180;imgPath;;Bildpfad;Image path;;;;;;;;;;
901;imgXL;;XL-Bilder;XL Pictures;;;;;;;;;;
845;impCat;;Kategorien importieren (Upload);Import Categories (Upload);;;;;;;;;;
732;import;;importieren;Import;;;;;;;;;;
150;in;;in;In;;;;;;;;;;
836;inBasket;;In Warenkorb legen;Add to shopping cart;;;;;;;;;;
65;indFile;;Individuelle Datei;Individual File;;;;;;;;;;
749;inDir;;im Ordner;In the folder;;;;;;;;;;
715;interface;;Schnittstelle;Interface;;;;;;;;;;
1103;interfaceName;;Schnittstellenname;Interface name;;;;;;;;;;
1141;interfaceRequest;;Die Freischaltung von zusätzlichen Schnittstellen bitte per <a href="mailto:support@gallay.de?subject=Bitte_neue_Schnittstelle_aktivieren">E-Mail anfordern...</a>;To activate additional interfaces please send us an <a href="mailto:support@gallay.de?subject=please_activate_new_interface">e-mail...</a>;;;;;;;;;;
758;international;;International;International;;;;;;;;;;
814;internationalInsuranceFee;;Int. Versicherungsbetrag (0,00);InternationalInsuranceFee;;;;;;;;;;
813;internationalInsuranceOption;;Internationale Versicherung;International Insurance;;;;;;;;;;
1098;itemno;;Artikelnummer;Product No.;;;;;;;;;;
66;kat;;Kategorie;Category;;;;;;;;;;
716;katFeld;;Kategoriefeld;Category Field;;;;;;;;;;
67;kdnr;;Kundennummer;Customer No.;;;;;;;;;;
68;kHead1;;Kundendaten;Customer Information;;;;;;;;;;
70;kHead3;;FTP-Zugangsdaten Bilder;FTP Access Data For Pictures;;;;;;;;;;
909;kHead4;;FTP-Zugangsdaten Dateien (Cronjob);FTP access data for files (Cronjob);;;;;;;;;;
151;kurz;;Kürzel;Short;;;;;;;;;;
726;lagerType;;Lagertyp;Inventory Location;;;;;;;;;;
872;lang;;Sprache;Language;;;;;;;;;;
130;language;;Sprache » Land;Language » Country;;;;;;;;;;
681;lastDownload;;letzter Download;Last Download;;;;;;;;;;
1158;lastInterfaceUpdate;;Letzte Aktualisierung der Schnittstelle;Last update of the interface;;;;;;;;;;
71;lastLogin;;Letzter Login;Last Login;;;;;;;;;;
903;lastLoginFile;;Login/Down;Last login;;;;;;;;;;
72;lastName;;Name;Last Name;;;;;;;;;;
73;lastSite;;letzte Seite;Last Page;;;;;;;;;;
731;lastUpdate;;zuletzt aktualisiert;Last updated;;;;;;;;;;
1094;lastWZG;;letzter Warenzugang;Latest new arrivals;;;;;;;;;;
773;layoutMallux;;Layout Beschreibung / Produktbilder;Layout description / Product pictures;;;;;;;;;;
1096;limitArticle;;Anzahl Artikel in Datei;Limit product number in file;;;;;;;;;;
74;lock;;Zugang sperren;Block Access;;;;;;;;;;
75;loginFalseDataHeadline;;Haben Sie Ihre Benutzerdaten vergessen?;Forgot your password or username?;;;;;;;;;;
76;loginHeadline;;Melden Sie sich hier mit Ihren Zugangsdaten an;Login with your username and password here;;;;;;;;;;
77;loginText;;<p>Bitte geben Sie hier Benutzername und Kennwort ein.</p>;<p>Please enter username and password.</p>;;;;;;;;;;
910;mailConfirm;;Bestätigungsmail;Confirmation email;;;;;;;;;;
833;maxiPic;;XL-Bild;XL Picture;;;;;;;;;;
779;media;;Medien;Media;;;;;;;;;;
78;memberName;;Benutzername;Username;;;;;;;;;;
79;menueHeadline1;;Mein Konto;My Account;;;;;;;;;;
80;menueHeadline2;;CSV-Schnittstellen;CSV Interfaces;;;;;;;;;;
81;menueHeadline3;;Artikel für Ihre CSV-Datei auswählen (Kategorien);Choose the product categories for your CSV file;;;;;;;;;;
803;merchandiseCredit;;Gutschrift;Credit Note;;;;;;;;;;
831;minOrderPieces;;Mindestbestellmenge;Minimum order quantity;;;;;;;;;;
776;minQuantity;;Min.Bestellmg.;Minimum order quantity;;;;;;;;;;
82;mitteilung;;Ihre Nachricht;Your Message;;;;;;;;;;
137;mo;;Modeschmuck;Fashion Jewellery;;;;;;;;;;
804;moneyBack;;Geld zurück;Money back;;;;;;;;;;
916;MoneyXferAccepted;;Überweisung;Bank transfer;;;;;;;;;;
917;MoneyXferAcceptedInCheckout;;Bankverbindung anzeigen;View account details;;;;;;;;;;
1154;month;;Monat;month;;;;;;;;;;
873;more;;mehr;More;;;;;;;;;;
835;moreCsvFiles;;Nicht aktivierte Schnittstellen;Non-Activated Interfaces;;;;;;;;;;
790;moreTxtToArticleNumber;;Zusatz zur ArtNr;Addition to product no.;;;;;;;;;;
184;mwst;Mehrwertsteuer;MwSt;VAT;;;;;;;;;;
83;myAccount;;Mein Konto;My Account;;;;;;;;;;
730;myCat;;Meine Kategoriezuordnungen;My Categories Allocations;;;;;;;;;;
739;myExistsFile;;Aktivierte Schnittstellen;Activated Interfaces;;;;;;;;;;
742;myPics;;Meine Bilder;My Pictures;;;;;;;;;;
842;myPrice;;Ihr Preis;Your price;;;;;;;;;;
781;mySetup;;Meine Einstellungen;My Settings;;;;;;;;;;
84;name;;Vorname Name;First Name, Last Name;;;;;;;;;;
85;nameofMember;;Name des Kunden;Name of the customer;;;;;;;;;;
757;national;;National;National;;;;;;;;;;
885;nationalInsuranceFee;;Nat. Versicherungsbetrag (0,00);National Insurance Fee;;;;;;;;;;
884;nationalInsuranceOption;;Nationale Versicherung;National Insurance Option;;;;;;;;;;
748;new;;neu;New;;;;;;;;;;
888;newCatSearchTxt;;Suchbegriffe NEU anlegen;Create a classification for search keywords;;;;;;;;;;
723;newCatTxt;;Neue Kategoriezuordnung anlegen;Create new category allocation;;;;;;;;;;
764;newCustomerTxt;;Neuen Kunden anlegen;Add new customer;;;;;;;;;;
993;newest;;neues;News;;;;;;;;;;
128;newFileTxt;;Eine neue Datei für den Kunden anlegen;Create a new file for this customer;;;;;;;;;;
707;newInterfaceTxt;;Neue Schnittstelle anlegen;New Interface;;;;;;;;;;
745;newPics;;neue Bilder;New pitures;;;;;;;;;;
86;newsletter;;Newsletter;Newsletter;;;;;;;;;;
782;newTemplateTxt;;Neues Template anlegen;Create new template;;;;;;;;;;
767;no;;nein;No;;;;;;;;;;
762;noAllarticleTxt;;Artikel einschränken (Filter);Restrict articles (filter);;;;;;;;;;
763;noCatChoice;;Es wurden keine Kategorien ausgewählt;No categories selected;;;;;;;;;;
1139;noCategory;;Es wurden keine Kategorienzuordnungen gefunden!;No matching categories found!;;;;;;;;;;
832;noCatExists;;Für diese Schnittstelle werden keine Kategorien benötigt!;No categories necessary for this interface!;;;;;;;;;;
746;noCurrent;;Es sind neue Bilder bei uns vorhanden, die übertragen werden können.;New pictures are available to be transferred. ;;;;;;;;;;
839;noData;;Es wurden keine passenden Artikel gefunden!;No matching products found!;;;;;;;;;;
95;noDB;;Es konnte nicht in die Datenbank geschrieben werden;Unable to write into data base;;;;;;;;;;
736;noDown;;Datei laden fehlgeschlagen;Download failed;;;;;;;;;;
87;noEdit;;Aktualisierung konnten nicht durchgeführt werden;Unable to perform update;;;;;;;;;;
88;noEntry;;Ihre Benutzerdaten sind uns nicht bekannt.<br />Vielleicht haben Sie sich nur vertippt? Bitte versuchen Sie es noch einmal.;Your login data did not match.<br />Maybe you just misspelled? Please try again.;;;;;;;;;;
740;noExists;;nicht vorhanden;Not Existing;;;;;;;;;;
819;noFTPconnection;;Es konnte keine Verbindung mit Ihrem FTP-Server hergestellt werden. Überprüfen Sie Ihre FTP-Einstellungen.;A problem with your FTP server has occured. Please check your settings.;;;;;;;;;;
89;noNew;;Eintrag konnte nicht angelegt werden;Unable to create entry;;;;;;;;;;
771;noOrderSee;;nur zur Ansicht;For display only;;;;;;;;;;
90;noreadDB;;Es konnte nicht aus der Datenbank gelesen werden;Unable to read from data base;;;;;;;;;;
91;noResult;;Leider konnten keine passenden Ergebnisse zu Ihrer Suche gefunden werden.;Unfortunately, there are no results that match your search criteria.;;;;;;;;;;
829;not;;nicht;Not;;;;;;;;;;
92;notBlank;;Markierte Felder müssen ausgefüllt werden!;Marked fields must be filled in!;;;;;;;;;;
93;notEmail;;Prüfen Sie Ihre Emailadresse(n)!;Check your email address!;;;;;;;;;;
1138;noTemplate;;Es wurde kein Template gefunden!;No matching template found!;;;;;;;;;;
94;noUpload;;Datei konnte nicht hochgeladen werden;Unable to upload file;;;;;;;;;;
129;nowNew;;Jetzt anlegen;Create;;;;;;;;;;
905;noXL;;Hintergrund dekoriert;Background decorated;;;;;;;;;;
127;offline;;sperren;Deactivate;;;;;;;;;;
850;okDelete;;Daten gelöscht;Data deleted;;;;;;;;;;
97;okEdit;;Aktualisierung erfolgreich durchgeführt;Successfully updated!;;;;;;;;;;
98;okLogout;;Sie haben sich erfolgreich vom System abgemeldet.;Your are loged off.;;;;;;;;;;
99;okNew;;Eintrag wurde erfolgreich angelegt;Your entry was successfully created.;;;;;;;;;;
922;okReset;;Eintrag/Einträge erfolgreich zurückgesetzt!;Entry/entries successfully reset!;;;;;;;;;;
100;okSaveSearch;;Suche wurde erfolgreich gespeichert.;Your search has been saved.;;;;;;;;;;
101;okStatus;;Der Status wurde erfolgreich geändert;status change successful;;;;;;;;;;
102;okUpload;;Datei wurde erfolgreich hochgeladen;The file as successfully been uploaded;;;;;;;;;;
766;on;;auf;On;;;;;;;;;;
126;online;;freischalten;Activate;;;;;;;;;;
867;openFrameTxt;;<h3>Ihre Datei wird jetzt erstellt.</h3>Dieser Vorgang kann je nach Anzahl und Auswahl der Artikel bis zu 5 Minuten dauern.<br />Das Fenster sollte während des Downloads nicht geschlossen werden.;<h3>Your file is updating and downloading.</h3>This process might take up to 5 minutes, depending on the product quantity and choice.<br/>Do not close the window before the download is finished!;;;;;;;;;;
868;openFrameTxtSave;;<h3>Die Datei wurde erstellt und wird automatisch zum Download angeboten.</h3>Alternativ können Sie auch die Schaltfläche 'speichern' anklicken.<br />Das Fenster kann nach dem Download geschlossen werden.;<h3>The file has been created and is now available for downloads. </h3>Alternatively you can also click on 'Save'.<br/>The window can be closed once the download is finished. ;;;;;;;;;;
870;openLinkTxt;;<h3>Direkt-Link</h3>Diese Linkadresse können Sie kopieren und für externe Anwendungen verwenden. So haben Sie oder von Ihnen erstellte Programme jederzeit Zugriff auf Ihre individuellen CSV-Dateien. Sie müssen sich also nicht unbedingt in unser System einloggen, um Ihre Dateien abzurufen.;<h3>Direct Link</h3>You can copy this link and use it for external applications. That way you or your applications have direct access to the csv files. In this case, a manual login is not neccessary anymore.;;;;;;;;;;
871;openLinkTxtUni;;<h3>Direkt-Link</h3>Diese Linkadresse können Sie kopieren und für externe Anwendungen verwenden. So haben Sie oder von Ihnen erstellte Programme jederzeit Zugriff auf die Universal-CSV-Dateien. Sie müssen sich also nicht unbedingt in unser System einloggen, um diese Dateien abzurufen.;<h3>Direct Link</h3>You can copy this link and use for external applications. That way you or your applications have direct access to the csv files. In this case, a manual login is not neccessary anymore.;;;;;;;;;;
1095;orderby;;Sortieren nach;Sort by;;;;;;;;;;
849;ourCat;;Unsere Kategorie;Our Category;;;;;;;;;;
729;ownCatOld;;Bitte eine Kategoriezuordnung wählen -;Please select a categories allocation -;;;;;;;;;;
889;ownCatSearchTxt;;Suchbegriffe auswählen;Create search keyword classification;;;;;;;;;;
728;ownCatTxt;;Kategoriezuordnung festlegen;Set Category Allocation;;;;;;;;;;
837;ownInfo;;kurze Beschreibung;Short description;;;;;;;;;;
1160;ownProductData;;Eigene Artikeldaten;own product data;;;;;;;;;;
103;page;;Seite;Page;;;;;;;;;;
104;password;;Passwort;Password;;;;;;;;;;
812;paymentInstructions;;Zahlungshinweise für den Käufer (max. 500 Zeichen);Payment advices for the customer (max 500 signs);;;;;;;;;;
807;payPalAccepted;;Paypal akzeptiert;PayPal accepted;;;;;;;;;;
878;pays;;zahlt;Pays;;;;;;;;;;
105;phone;;Telefon;Phone;;;;;;;;;;
107;picDataBecome;;Bilddateien erhalten;Picture files received;;;;;;;;;;
743;picDir;;Bildordner;Picture Folder;;;;;;;;;;
747;picFileHead;;Download von Bilddateien ;Picture files for downloading;;;;;;;;;;
846;pictures;;Bilder;Pictures;;;;;;;;;;
108;picUse;;Bildbenutzung;Picture Usage;;;;;;;;;;
918;picUseDomain;;Bildbenutzung erteilt für folgende Domains;Picture usage for domains;;;;;;;;;;
882;piece;;Stück;Piece(s);;;;;;;;;;
166;placeholder;;Platzhalter;Placeholder Variable;;;;;;;;;;
167;placeholderDesign;;Grundstruktur des Designs;Basic design structure;;;;;;;;;;
168;placeholderHead1;;Ihr Layout (HTML);Your Layout (HTML);;;;;;;;;;
169;placeholderHead2;;Bild-Link (Banner);Picture Link (Banner);;;;;;;;;;
170;placeholderHead3;;Titel (HTML);Title (HTML);;;;;;;;;;
171;placeholderHead4;;Einleitungstext (HTML);Introduction text (HTML);;;;;;;;;;
172;placeholderHead5;;sonstiger Kundentext (HTML);Miscellaneous customer text;;;;;;;;;;
174;placeholderTxt;;Mit nachfolgenden Platzhaltern werden Ihre Texte oder Systemplatzhalter an den dafür vorgesehenen Stellen eingefügt. (%GALLAY_VAR[gewünschte Variable])<br /><br /><b>tl_banner</b><br>Hier erscheint später der Banner (Siehe Feld 'Bild-Link')<br /><br><b>tl_titel</b><br>Seitentitel mit Angabe einer passenden Farbe (Siehe Feld 'Titel')<br /><br><b>tl_einleitungstext</b><br>Allgemeinen Text, welcher der vor der Beschreibung des Artikels eingefügt wird. (Siehe Feld 'Einleitungstext')<br /><br><b>tl_kdntxt</b><br>Text welcher nach dem Artikel eingefügt werden soll, z.B. AGB oder Bestellinfo  (Siehe Feld 'sonst. Kundentext')<br /><br><b>artikel_titel</b><br>Titel des Artikel (wird aus dem System eingefügt, nicht entfernen)<br /><br><b>artikel_bes</b><br>Artikelbeschreibung mit Bild (wird aus dem System eingefügt)<br /><br><b>artikel_bes_o_bild</b><br>Artikelbeschreibung ohne Bild (wird aus dem System eingefügt)<br /><br><b>artikel_bes_bild_hupp</b><br>Artikelbild (wird aus dem System eingefügt)<br /><br><b>artikel_nr</b><br>Artikelnummer (wird aus dem System eingefügt)<br /><br><b>private_notice</b><br>Private Notizen (wird aus dem System eingefügt)<br /><br />Sie können den Inhalt Ihrer unten stehenden persönlichen Platzhalter auch direkt in das Feld 'Grund-Layout' reinschreiben (ohne die dazugehörigen Platzhalter).;;;;;;;;;;;
153;price;;Preis;price;;;;;;;;;;
824;priceArt;;Preisart;Price Type;;;;;;;;;;
718;priceArticle;;Artikel mit Preis;Price Per Item;;;;;;;;;;
162;pricefactor;;Preisfaktor;Price Factor;;;;;;;;;;
163;pricemore;;Preisaufschlag;Surcharge;;;;;;;;;;
154;prices;;Preise;Prices;;;;;;;;;;
815;problemEmail;;Sie haben Fragen, Probleme oder suchen aktuelle Informationen?<br />Bitte hier klicken:<br />;You have any questions, problems or looking for current information?<br />Then click here:<br />;;;;;;;;;;
775;productStart;;Produkt auf Startseite;Product on home page;;;;;;;;;;
178;programm;;Programm;Programme;;;;;;;;;;
827;provision;;Provision;Provision;;;;;;;;;;
828;quantitySetup;;Bestandsverwaltung;Stock management;;;;;;;;;;
1099;readExample;;Beispiel einlesen;Load example;;;;;;;;;;
788;readFileButton;;Jetzt einlesen;Import;;;;;;;;;;
787;readFileTxt;;Inhalt einer Datei einlesen;Import contents of a file;;;;;;;;;;
789;readok;;Der Inhalt dieser Datei wurde erfolgreich eingelesen! Speichern nicht vergessen!;The contents of this file have been imported successfully! Do not forget to save!;;;;;;;;;;
1092;reallyReset;;Möchten Sie diesen Ordner wirklich zurücksetzen? Dateien müssen danach neu übertragen werden.;Are you sure to reset this folder? Your files will be lost and have to be transferred again.;;;;;;;;;;
772;rebate;;Rabatt;Discount;;;;;;;;;;
801;refundOptions;;Rückgabe-Möglichkeit;Refund options;;;;;;;;;;
921;reset;;zurücksetzen;Reset;;;;;;;;;;
777;returnMethods;;Rücknahmebedingungen;Return Methods;;;;;;;;;;
806;returnsAcceptedOption;;Rückgabe akzeptiert;Return accepted;;;;;;;;;;
805;returnsWithinOption;;Rückgabefrist;Return period;;;;;;;;;;
155;round;;runden;Round off;;;;;;;;;;
109;save;;speichern;Save;;;;;;;;;;
110;saveUnder;;als neuen Datensatz speichern;Save as new data set;;;;;;;;;;
881;search;;Suche;Search;;;;;;;;;;
887;searchTerms;;Suchbegriffe;Search keywords;;;;;;;;;;
132;seeThat;;Vorschau;Preview;;;;;;;;;;
800;seller;;Verkäufer;Seller;;;;;;;;;;
841;sendContact;;Anfrage jetzt Senden!;Send request!;;;;;;;;;;
111;sendok;;<h3>Vielen Dank!</h3><p>Ihre Anfrage wurde erfolgreich gesendet.</p><br />;<p>Your message has been sent.</p><br />;;;;;;;;;;
112;sendokText;;Wir beantworten  Ihre Email  innerhalb von 24-48 Stunden, während unserer Geschäftszeiten von Montag bis Freitag.;We usually answer to emails within 24h during office hours from Monday to Friday.;;;;;;;;;;
113;sendPass;;Wir haben an Ihre Emailadresse die Zugangsdaten geschickt.;An email with your access data has been sent to you. ;;;;;;;;;;
114;sendPassEmail;;Hallo __db::vname__ __db::name__.[break][break]Mit dieser Email erhalten Sie Ihre Zugangsdaten[break]für die Seite www.csv4you.de.[break][break]Benutzer: __db::login__[break]Passwort: __db::pass__[break][break]Mit freundlichen Grüßen[break]Ihre Team von csv4you;Hello __db::vname__ __db::name__.[break][break]With this email you are receiving your access data[break]for our web site www.csv4you.com.[break][break]Username: __db::login__[break]Password: __db::pass__[break][break]Best Regards[break]The team of csv4you;;;;;;;;;;
115;sendPassEmailSubject;;Ihre Zugangsdaten;Your access data;;;;;;;;;;
734;sendTxtNow;;jetzt durchführen;GO;;;;;;;;;;
116;server;;Server;Server;;;;;;;;;;
759;settingsBLong;;Bearbeitung;Editing;;;;;;;;;;
157;settingsCountry;;Einstell-Land;Country of sales;;;;;;;;;;
159;settingsFormat;;Format / Dauer;Format/ Duration;;;;;;;;;;
158;settingsLong;;Einstell-Dauer;Sales duration;;;;;;;;;;
156;settingsVolume;;Einstell-Menge;Set sales amount;;;;;;;;;;
143;setup;;Einstellungen;Settings;;;;;;;;;;
148;setupAll;;Grundeinstellungen;Basic Setup;;;;;;;;;;
795;setupCross;;Einstellungen für Crossartikel;Settings for cross-products;;;;;;;;;;
117;setupSee;;Einstellungen anzeigen;Display Settings;;;;;;;;;;
175;setupSonst;;Allgemeine Einstellungen;Other basic setup;;;;;;;;;;
752;shipping;;Versand;Shipping;;;;;;;;;;
753;shippingCost;;Kosten;Costs;;;;;;;;;;
823;shippingCost;;Versandkosten;Shipping Costs;;;;;;;;;;
755;shippingCostOther;;Zusatzkosten;Additional costs;;;;;;;;;;
798;ShippingCostPaidBy;;Rücksendung zahlt;Shipping cost paid by;;;;;;;;;;
856;shippingCostYatego;;Versandkostenaufschlag;Surcharge on delivery costs;;;;;;;;;;
876;shippingGroup;;Versandgruppe;Shipment grouping;;;;;;;;;;
756;shippingTo;;Versand nach;Shipping to;;;;;;;;;;
899;shippingTxt;;Versandtext;Shipping text contents;;;;;;;;;;
754;shippingType;;Versandart;Type of Shipping;;;;;;;;;;
858;shippingUnit;;Versandeinheiten;Shipping Units;;;;;;;;;;
810;shipToLocations;;Versandregion;Shipping locations;;;;;;;;;;
135;si;;Silberschmuck;Silver Jewellery;;;;;;;;;;
176;siteIsLoading;;Die aufgerufene Seite wird geladen.;Page is loading;;;;;;;;;;
680;size;;Größe;Size;;;;;;;;;;
181;skPlus;;Aufpreis SK;Surcharge SK;;;;;;;;;;
146;smaller;;kleiner als;Less Than;;;;;;;;;;
914;soldOut;;Ausverkauft;Sold out;;;;;;;;;;
118;sonst;;Sonstiges;Miscellaneous;;;;;;;;;;
744;sonstiges;;Sonstiges;Miscellaneous;;;;;;;;;;
821;state;;Zustand;Condition;;;;;;;;;;
797;statusArticle;;Artikel gleich veröffentlichen;Upload article immediately;;;;;;;;;;
119;street;;Straße;Street;;;;;;;;;;
120;subject;;Betreff;Subject;;;;;;;;;;
783;template;;Vorlagen/Templates;Templates;;;;;;;;;;
1101;templateName;;Templatename;Template name;;;;;;;;;;
923;testEntryToCsv;;Testzugang zum CSV-Bereich bis;Test access for CSV area available until;;;;;;;;;;
843;theirData;;Ihre Daten;Your Data;;;;;;;;;;
735;thisCat;;Diese Kategorien;These Categories;;;;;;;;;;
866;titleInCapitalLetters;;Artikelname in Großbuchstaben;Title in capital letters ;;;;;;;;;;
913;titleWithNumber;;Artikelname mit Artikelnummer;Procut title with product number ;;;;;;;;;;
161;to;;bis;To;;;;;;;;;;
852;topOffer;;Top-Angebot;Top Choice Offer;;;;;;;;;;
769;toTens;;auf Zehner runden;Round to tens;;;;;;;;;;
121;toTop;;nach oben;Top;;;;;;;;;;
122;town;;Ort;City/Town;;;;;;;;;;
706;type;;Schnittstelle;Type of Interface;;;;;;;;;;
123;umsatz;;Umsatz;Turnover;;;;;;;;;;
859;uniFile;;Universaldateien;Universal CSV Files;;;;;;;;;;
737;uniFileHead;;Universaldateien zum Download;Universal files for downloading;;;;;;;;;;
874;uniFileHead2;;Universaldateien zum Download (bis Ende 2009);Universal files for downloading (2009);;;;;;;;;;
738;uniFileTxt;;;The universal files will be updated once a day (between 6 pm and 7 pm CET).<br />There is no guarantee that all articles are still present in the shop, except at the exact time of the update. All articles are subject to prior sale by another vendor.;;;;;;;;;;
1093;update;;aktualisiert;Last updated;;;;;;;;;;
820;uploadOk;;Daten wurden übertragen;Upload has finished;;;;;;;;;;
183;urlShop;Pfad zum Shop;Shop-Adresse;Shop URL;;;;;;;;;;
796;urlYatego;;Link zu externer Seite;External link;;;;;;;;;;
825;verfallsdatum;;Verfallsdatum;Due Date;;;;;;;;;;
830;visible;;sichtbar;Visible;;;;;;;;;;
855;vkAllArticle;;Versandkostenaufschlag nur einmalig;delivery expenses surcharge per item group;;;;;;;;;;
853;vkOneArticle;;Versandkostenaufschlag für jeden Artikel;Surcharge on delivery costs per item;;;;;;;;;;
725;vpk;;Verpackungen;Packaging;;;;;;;;;;
822;withComma;;mit Komma trennen;Separate by commas;;;;;;;;;;
774;yes;;ja;Yes;;;;;;;;;;
906;yesXL;;Hintergrund weiß;Background white;;;;;;;;;;
64;yourFile;;Ihre Datei;Your File;;;;;;;;;;
124;zipCode;;PLZ;Postal Code;;;;;;;;;;
677;zMethod;;Zahlungsarten;Payment Methods;;;;;;;;;;
678;zRight;;Zahlungsrichtlinien;Payment Policy;;;;;;;;;;
