name;beschreibung;lang1;lang2;lang3;lang4;lang5;lang6;lang7;lang8;lang9;lang10;lang11;lang12;id
buyNow;;Jetzt kaufen;Buy now;;;;;;;;;;;1
seeInterfaceNoActiv;;abgelaufene Schnittstellen;;;;;;;;;;;;2
close;;schließen;close;;;;;;;;;;;3
noTemplateText;;Es ist kein Template (Vorlage) vorhanden, welches Sie bearbeiten können.<br />Importieren bzw. konvertieren Sie zuerst eine CSV-Datei und speichern Sie die Einstellungen als Vorlage.;There is no template available, which you can edit.<br />First import or convert a CSV file and save the settings as template.;;;;;;;;;;;4
logout;;Abmelden;logout;;;;;;;;;;;5
login;;Login;login;;;;;;;;;;;6
show;;einblenden;show;;;;;;;;;;;7
hide;;ausblenden;hide;;;;;;;;;;;8
noPayment;;Sie haben keine Zahlungsmethode ausgewählt!;Maybe you just misspelled? Please, try again.;;;;;;;;;;;9
falsePass;;Die angegebenen Passwörter stimmen nicht überein.;false password;;;;;;;;;;;10
intCat;;Interne Kategorien;intern categories;;;;;;;;;;;11
openFrameTxtErrorHeadline;;Die Datei kann nicht erstellt werden;update error;;;;;;;;;;;12
openFrameTxtError;;<b>Gründe hier für könnten sein:</b><br />%BREAK%» Kategorien ohne Artikel ausgewählt<br />%BREAK%» es wurden keine passenden Artikel gefunden<br /><br />%BREAK%Bitte überprüfen Sie Ihre Einstellungen.;error;;;;;;;;;;;13
MoneyXferAcceptedInCheckout;;Bankverbindung anzeigen;view bank;;;;;;;;;;;14
showAll;;alles einblenden;show all;;;;;;;;;;;15
hideAll;;alles ausblenden;hide all;;;;;;;;;;;16
MoneyXferAccepted;;Überweisung;bank transfer;;;;;;;;;;;17
directLink;;Direkt-Link;Direct-Link;;;;;;;;;;;18
allArticle;;alle Produkte;all products;;;;;;;;;;;19
mailConfirm;;Bestätigungsmail;Mail confirmation;;;;;;;;;;;20
kHead4;;FTP-Zugangsdaten Dateien (Cronjob);FTP access data for files (cronjob);;;;;;;;;;;21
yesXL;;Hintergrund weiß;Background white;;;;;;;;;;;22
imgXL;;XL-Bilder;xl-images;;;;;;;;;;;23
lastLoginFile;;Login/Down;last login;;;;;;;;;;;24
noXL;;Hintergrund dekoriert;Background decorated;;;;;;;;;;;25
shippingTxt;;Versandtext;shipping text;;;;;;;;;;;26
fPic;;F-Bild;F-Pic;;;;;;;;;;;27
ownCatSearchTxt;;Suchbegriffe auswählen;set search terms classification;;;;;;;;;;;28
newCatSearchTxt;;Suchbegriffe NEU anlegen;create a search terms classification;;;;;;;;;;;29
searchTerms;;Suchbegriffe;search terms;;;;;;;;;;;30
nationalInsuranceFee;;Nat. Versicherungsbetrag (0,00);NationalInsuranceFee;;;;;;;;;;;31
nationalInsuranceOption;;Nationale Versicherung;NationalInsuranceOption;;;;;;;;;;;32
exportCurrency;;in Datei;in file;;;;;;;;;;;33
piece;;Stück;piece(s);;;;;;;;;;;34
search;;Suche;search;;;;;;;;;;;35
declaration;;Erklärung;declaration;;;;;;;;;;;36
abroad;;Ausland;abroad;;;;;;;;;;;37
pays;;zahlt;pays;;;;;;;;;;;38
firmaNamen;;Firma & Namen;Company & Names;;;;;;;;;;;501
uniFileHead2;;Universaldateien zum Download (bis Ende 2009);universal files for downloading (2009);;;;;;;;;;;40
more;;mehr;more;;;;;;;;;;;41
openLinkTxtUni;;<h3>Direkt-Link</h3>Diese Linkadresse können Sie kopieren und für externe Anwendungen verwenden. So haben Sie oder von Ihnen erstellte Programme jederzeit Zugriff auf die Universal-CSV-Dateien. Sie müssen sich also nicht unbedingt in unser System einloggen, um diese Dateien abzurufen.;<h3>Direct-Link</h3>You can copy this link and use it in 3rd party applications. That way you or your applications have direct access to the csy-files. In this case, a manual Log-In is not neccessary anymore.;;;;;;;;;;;42
closeWindow;;Fenster schliessen;close window;;;;;;;;;;;43
openLinkTxt;;Diese Linkadresse können Sie kopieren und für externe Anwendungen verwenden. So haben Sie oder von Ihnen erstellte Programme jederzeit Zugriff auf Ihre individuellen CSV-Dateien. Sie müssen sich also nicht unbedingt in unser System einloggen, um Ihre Dateien abzurufen.<br /><span class="txtRed">Voraussetzung ist die automatische Aktualisierung dieser Datei per Cronjob.</span>;You can copy this link and use it in 3rd party applications. That way you or your applications have direct access to the csy-files. In this case, a manual Log-In is not neccessary anymore.;;;;;;;;;;;44
lang;;Sprache;language;;;;;;;;;;;45
openFrameTxtSave;;Alternativ können Sie Ihre Datei über den Speicher-Button runterladen.;file is ready;;;;;;;;;;;46
openFrameTxtSaveHeadline;;Die Datei wurde erstellt und wird automatisch zum Download angeboten.;file is ready;;;;;;;;;;;47
openFrameTxt;;Dieser Vorgang kann je nach Anzahl und Auswahl der Daten bis zu 5 Minuten dauern.<br />Das Fenster sollte während des Downloads nicht geschlossen werden.;update file;;;;;;;;;;;48
titleInCapitalLetters ;;Name in Großbuchstaben;Title in capital letters ;;;;;;;;;;;49
formatting;;Formatierung;Formatting;;;;;;;;;;;50
CodFee;;Nachnahmegebühr;Cod Fee;;;;;;;;;;;51
Escrow;;Treuhandservice;Escrow;;;;;;;;;;;52
Cash;;Barzahlung;Cash;;;;;;;;;;;53
CreditCard;;Kreditkarte;Credit Card;;;;;;;;;;;54
COD;;Nachnahme;Pay With COD;;;;;;;;;;;55
shippingUnit;;Versandeinheiten;shipping unit;;;;;;;;;;;56
uniFile;;Universaldateien;Universal CSV-Files;;;;;;;;;;;57
shippingCostYatego;;Versandkostenaufschlag;delivery expenses surcharge;;;;;;;;;;;58
deliveryTime;;Lieferzeit;delivery time;;;;;;;;;;;59
calc;;Berechnung;Calculation;;;;;;;;;;;60
vkAllArticle;;Versandkostenaufschlag nur einmalig;delivery expenses surcharge per item group;;;;;;;;;;;61
gallery;;Galerie;gallery;;;;;;;;;;;62
ourCat;;Unsere Kategorie;Our Category;;;;;;;;;;;63
okDelete;;Daten wurden gelöscht;Data deleted;;;;;;;;;;;64
deleteTxt;;Sollen die markierten Daten gelöscht werden?;The selected data should be removed?;;;;;;;;;;;65
topOffer;;Top-Angebot;Top Offer;;;;;;;;;;;66
vkOneArticle;;Versandkostenaufschlag für jeden Artikel;delivery expenses surcharge per item;;;;;;;;;;;67
falseMemberName;;Dieser Benutzername kann nicht verwendet werden!<br />Es wird weiterhin der alte verwendet. ;This user name cannot be used!<br />The old one is used furthermore.;;;;;;;;;;;68
impCat;;Kategorien importieren (Upload);import categories (upload);;;;;;;;;;;69
expCat;;Kategorien exportieren (Download);export categories (download);;;;;;;;;;;70
theirData;;Eigene Daten;Qwn data;;;;;;;;;;;71
myPrice;;Ihr Preis;Your price;;;;;;;;;;;72
sendContact;;Anfrage jetzt Senden!;Send Now!;;;;;;;;;;;73
helpInOut;;Hilfe ein-/ausblenden;Help show/hide;;;;;;;;;;;74
noData;;Keine Daten vorhanden!;No data available!;;;;;;;;;;;75
ekPrice;;EK-Preis;purchase price;;;;;;;;;;;76
ownInfo;;kurze Beschreibung;short description;;;;;;;;;;;77
inBasket;;In Warenkorb legen;Add to shopping cart;;;;;;;;;;;78
moreCsvFiles;;Nicht aktivierte Schnittstellen;non-activated interfaces;;;;;;;;;;;79
detailPic;;Detail-Bild;Detail-Pic;;;;;;;;;;;80
maxiPic;;XL-Bild;XL-Pic;;;;;;;;;;;81
noCatExists;;Für diese Schnittstelle werden keine Kategorien benötigt!;No categories necessary for this interface !;;;;;;;;;;;82
minOrderPieces;;Mindestbestellmenge;minimum order quantity;;;;;;;;;;;83
visible;;sichtbar;visible;;;;;;;;;;;84
not;;nicht;not;;;;;;;;;;;85
quantitySetup;;Bestandsverwaltung;stock management;;;;;;;;;;;86
provision;;Provision;provision;;;;;;;;;;;87
abholung;;Abholung;collection;;;;;;;;;;;88
verfallsdatum;;Verfallsdatum;use-by date;;;;;;;;;;;89
priceArt;;Preisart;price type;;;;;;;;;;;90
shippingCost;;Versandkosten;shippingcost;;;;;;;;;;;91
withComma;;mit Komma trennen;split with comma;;;;;;;;;;;92
state;;Zustand;State;;;;;;;;;;;93
uploadOk;;Daten wurden übertragen;Upload Ok;;;;;;;;;;;94
noFTPconnection;;Es konnte keine Verbindung mit Ihrem FTP-Server hergestellt werden. Überprüfen Sie Ihre FTP-Einstellungen.;FTP connection error! Please, check your settings.;;;;;;;;;;;95
downloadLink;;Downloadlink;Downloadlink;;;;;;;;;;;96
category;;Kategorien;Categories;;;;;;;;;;;97
bisWiderruf;;Bis auf Widerruf;Until further notice;;;;;;;;;;;98
problemEmail;;Fragen, Probleme?;Questions, Problems?;;;;;;;;;;;99
pictures;;Bilder;Images;;;;;;;;;;;100
shippingGroup;;Versandgruppe;shipping group;;;;;;;;;;;101
buyer;;Käufer;Buyer;;;;;;;;;;;102
seller;;Händler;Seller;;;;;;;;;;;103
refundOptions;;Rückgabe-Möglichkeit;RefundOptions;;;;;;;;;;;104
exchange;;Umtausch;Exchange;;;;;;;;;;;105
merchandiseCredit;;Gutschrift;MerchandiseCredit;;;;;;;;;;;106
moneyBack;;Geld zurück;MoneyBack;;;;;;;;;;;107
returnsWithinOption;;Rückgabefrist;ReturnsWithinOption;;;;;;;;;;;108
returnsAcceptedOption;;Rückgabe akzeptiert;ReturnsAcceptedOption;;;;;;;;;;;109
payPalAccepted;;Paypal akzeptiert;PayPalAccepted;;;;;;;;;;;110
dispatchTimeMax;;Versanddauer nach Bezahlung;DispatchTimeMax;;;;;;;;;;;111
hitCounter;;Besucherzähler;HitCounter;;;;;;;;;;;112
shipToLocations;;Versandregion;ShipToLocations;;;;;;;;;;;113
additionalDetails;;Voraussetzungen/Informationen zur Rücksendung (max. 500 Zeichen);AdditionalDetails;;;;;;;;;;;114
paymentSeeDescription;;Payment See Description;Payment See Description;;;;;;;;;;;115
internationalInsuranceOption;;Internationale Versicherung;InternationalInsuranceOption;;;;;;;;;;;116
internationalInsuranceFee;;Int. Versicherungsbetrag (0,00);InternationalInsuranceFee;;;;;;;;;;;117
ShippingCostPaidBy;;Rücksendung zahlt;ShippingCostPaidBy;;;;;;;;;;;118
statusArticle;;Artikel gleich veröffentlichen;publish article immediately;;;;;;;;;;;119
urlYatego;;Link zu externer Seite;external link;;;;;;;;;;;120
setupCross;;Einstellungen für Crossdaten;settings for cross-data;;;;;;;;;;;121
crossTrenner;;Cross-Daten Trenner;cross-data separator;;;;;;;;;;;122
articleSeller;;Daten übernehmen;assume data;;;;;;;;;;;123
allArticleTxt;;Filter - Nuller;filter - noughties;;;;;;;;;;;124
fileFilter;;Filter;filter;;;;;;;;;;;522
moreTxtToArticleNumber;;Zusatz zur Art.-Nr.;art. no. addon;;;;;;;;;;;125
readFileButton;;Daten jetzt einlesen;import now;;;;;;;;;;;126
readok;;Der Inhalt dieser Datei wurde erfolgreich eingelesen! Speichern nicht vergessen!;Contents of this file have been read in successfully! Do not forget to save!;;;;;;;;;;;127
templates;;Templates;templates;;;;;;;;;;;128
editTemplateTxt;;Template bearbeiten;edit template text;;;;;;;;;;;129
designEntryTxt;;Template für den Datensatz (Produktbeschreibung);template for data record (product description);;;;;;;;;;;130
readFileTxt;;Datendatei importieren;data file import;;;;;;;;;;;131
newTemplateTxt;;Neues Template anlegen;create new template;;;;;;;;;;;132
mySetup;;Meine Einstellungen;my Setup;;;;;;;;;;;133
firstFile;;Hauptdatei;main file;;;;;;;;;;;134
media;;Medien;media;;;;;;;;;;;135
days;;Tage;Days;;;;;;;;;;;136
returnMethods;;Rücknahmebedingungen;Return Methods;;;;;;;;;;;137
minQuantity;;Min.Bestellmg.;min. order quantity;;;;;;;;;;;138
productStart;;Daten auf Startseite;data on home page;;;;;;;;;;;139
yes;;ja;yes;;;;;;;;;;;140
layoutMallux;;Layout Beschreibung / Produktbilder;layout description / article image;;;;;;;;;;;141
rebate;;Rabatt;rebate;;;;;;;;;;;142
noOrderSee;;nur zur Ansicht;for display only;;;;;;;;;;;143
activ;;aktiv;activ;;;;;;;;;;;144
toTens;;auf Zehner runden;round to tens;;;;;;;;;;;145
customize;;anpassen;customize;;;;;;;;;;;146
no;;nein;no;;;;;;;;;;;147
on;;auf;on;;;;;;;;;;;148
falseNumber;;Die eingegebene Kundennummer ist bereits für einen anderen Kunden vergeben.;The given customer ID is already in use by another customer.;;;;;;;;;;;149
newCustomerTxt;;Neuen Kunden anlegen;create new customer;;;;;;;;;;;150
noCatChoice;;Es wurden keine Kategorien ausgewählt;No categories selected;;;;;;;;;;;151
noAllarticleTxt;;Daten einschränken;restrict data;;;;;;;;;;;152
allMarkOff;;Auswahl entfernen;clear selection;;;;;;;;;;;153
international;;International;international;;;;;;;;;;;154
shippingType;;Versandart;shipment type;;;;;;;;;;;155
shippingCostOther;;Zusatzkosten;additional costs;;;;;;;;;;;156
shippingTo;;Versand nach;shipping to;;;;;;;;;;;157
national;;National;national;;;;;;;;;;;158
cost;;Kosten;costs;;;;;;;;;;;159
shipping;;Versand;shipping;;;;;;;;;;;160
articleCountry;;Produktstandort;product location;;;;;;;;;;;161
new;;neu;new;;;;;;;;;;;162
inDir;;im Ordner;in the directory;;;;;;;;;;;163
allCatDownloadTxt;;Liste GALLAY-Shopkategorien;GALLAY shop category listing;;;;;;;;;;;164
picFileHead;;Download von Bilddateien ;image files for downloading;;;;;;;;;;;165
noCurrent;;Es sind neue Bilder bei uns vorhanden, die übertragen werden können.;outdated, new pictures can be found on our server;;;;;;;;;;;166
newPics;;neue Bilder;new pitures;;;;;;;;;;;167
sonstiges;;Sonstiges;Miscellaneous;;;;;;;;;;;168
picDir;;Bildordner;image directory;;;;;;;;;;;169
action;;Aktion;action;;;;;;;;;;;170
noExists;;nicht vorhanden;does not exist;;;;;;;;;;;171
myExistsFile;;Aktivierte Schnittstellen;activated interfaces;;;;;;;;;;;172
uniFileHead;;Universaldateien zum Download;universal files for downloading;;;;;;;;;;;173
uniFileTxt;;;Universal files will be updated once a day (between 18:30 and 19:00 CET).<br />There is no guarantee that all articles are still present in the shop, except at the exact time of  the update. All articles are subject to prior sale by another vendor.;;;;;;;;;;;174
noDown;;Datei laden fehlgeschlagen;file download failed;;;;;;;;;;;175
thisCat;;Diese Kategorien;these category;;;;;;;;;;;176
sendTxtNow;;jetzt durchführen;O.k.;;;;;;;;;;;177
export;;Exportieren;export;;;;;;;;;;;178
import;;Importieren;import;;;;;;;;;;;179
lastUpdate;;zuletzt aktualisiert;last updated;;;;;;;;;;;180
myPics;;Meine Bilder;my Pics;;;;;;;;;;;181
myCat;;Meine Kategoriezuordnungen;my categories classifications;;;;;;;;;;;182
ownCatOld;;Bitte eine Kategoriezuordnung wählen;Please select a categories classification;;;;;;;;;;;183
ownCatTxt;Kategoriezuordnung;Kategoriezuordnung;set category classification;;;;;;;;;;;184
articleCategorie;;Datenkategorie;data category;;;;;;;;;;;185
lagerType;;Lagertyp;warehouse location;;;;;;;;;;;186
vpk;;Verpackungen;packagings;;;;;;;;;;;187
choiceTypeTxt;;Wählen Sie die Schnittstelle;select interface;;;;;;;;;;;188
settingsBLong;;Bearbeitung;adaption;;;;;;;;;;;189
newCatTxt;;Neue Kategoriezuordnung anlegen;Create new category allocation;;;;;;;;;;;190
fileDown;;Aktuelle Version dieser Datei speichern;save current version of this file;;;;;;;;;;;191
fileRefreshDown;;Datei erstellen und herunterladen;update file and download;;;;;;;;;;;192
fileRefresh;;Datei aktualisieren;update file;;;;;;;;;;;193
priceArticle;;Filter - Preis;filter - price;;;;;;;;;;;194
calculation;;Preiskalkulation;price calculation;;;;;;;;;;;195
katFeld;;Kategoriefeld;category field;;;;;;;;;;;196
activatedInterfaces;;Aktivierte Schnittstellen;activated interfaces;;;;;;;;;;;197
abk;;Abkürzung;abbreviation;;;;;;;;;;;198
allInterface;;Schnittstellen;existing interfaces;;;;;;;;;;;199
feldtrenner;;Feldtrenner;field separator;;;;;;;;;;;200
fileType;;Dateityp;file type;;;;;;;;;;;201
footer;;Fußbereich;footer;;;;;;;;;;;202
content;;Inhaltsbereich;content area;;;;;;;;;;;203
head;;Kopfbereich;head area;;;;;;;;;;;204
newInterfaceTxt;;Neue Schnittstelle anlegen;New Interface;;;;;;;;;;;205
type;;Schnittstelle;Type;;;;;;;;;;;206
fileExistsUser;;Die ausgewählte Datei steht für diesen Benutzer nicht zur Verfügung. Das kann daran liegen das dieser keine Berechtigung dafür hat. Sollte ein anderes Problem vorliegen wenden Sie sich bitte an den Administrator.;The chosen file type is not available for this user. This could be a problem with his authorisation. For any other problems, please, call the administrator.;;;;;;;;;;;207
fileExists;;Die ausgewählte Datei existiert nicht für diesen Benutzer. Mit unten stehenden Links können Sie diese anlegen.;The chosen file type does not exist for this user. You can create it with the links below.;;;;;;;;;;;208
fileSize;;Dateigröße;file size;;;;;;;;;;;209
fileInfo;;Datei-Informationen;file information;;;;;;;;;;;210
buildOn;;erstellt am;created on;;;;;;;;;;;211
lastDownload;;letzter Download;last download;;;;;;;;;;;212
size;;Größe;size;;;;;;;;;;;213
zRight;;Zahlungsrichtlinien;payment policy;;;;;;;;;;;215
zMethod;;Zahlungsart;payment method;;;;;;;;;;;216
allMark;;Alle auswählen;select all;;;;;;;;;;;217
domain;Domain;Domain;TLD;;;;;;;;;;;218
mwst;Mehrwertsteuer;Mehrwertsteuer;vat;;;;;;;;;;;219
urlShop;Pfad zum Shop;Shop-Adresse;Shop-URL;;;;;;;;;;;220
imgPath;;Bildpfad;image path;;;;;;;;;;;221
skPlus;;Aufpreis SK;surcharge SK;;;;;;;;;;;222
for;;für;for;;;;;;;;;;;223
programm;;Programm;programm;;;;;;;;;;;224
siteIsLoading;;Die aufgerufene Seite wird geladen.;page is loading;;;;;;;;;;;225
setupSonst;;Allgemeines;general;;;;;;;;;;;226
her;;Ihre;Your;;;;;;;;;;;227
placeholderHead5;;sonstiger Kundentext (HTML);miscellaneous customer's text;;;;;;;;;;;228
placeholderHead4;;Einleitungstext (HTML);preliminary text (HTML);;;;;;;;;;;229
placeholderHead3;;Titel (HTML);titel (HTML);;;;;;;;;;;230
placeholderHead2;;Bild-Link (Banner);image link (banner);;;;;;;;;;;231
placeholderHead1;;Ihr Layout (HTML);your layout (HTML);;;;;;;;;;;232
placeholderDesign;;Grundstruktur des Designs;basic design structure;;;;;;;;;;;233
placeholder;;Platzhalter;placeholder;;;;;;;;;;;234
articleAloneTxt;;Filter - Einzelne Datensätze (Komma getrennt);individual records (seperate by comma);;;;;;;;;;;235
help;;Hilfe;help;;;;;;;;;;;236
pricemore;;Preisaufschlag;surcharge;;;;;;;;;;;237
pricefactor;;Preisfaktor;price factor;;;;;;;;;;;238
to;;bis;to;;;;;;;;;;;239
from;;von;from;;;;;;;;;;;240
settingsFormat;;Format / Dauer;format / duration;;;;;;;;;;;241
settingsLong;;Einstell-Dauer;set duration;;;;;;;;;;;242
settingsCountry;;Einstell-Land;set country;;;;;;;;;;;243
settingsVolume;;Einstellmenge;set ammount;;;;;;;;;;;244
round;;runden;round;;;;;;;;;;;245
prices;;Preise;prices;;;;;;;;;;;246
price;;Preis;price;;;;;;;;;;;247
currency;;Währung;currency;;;;;;;;;;;248
kurz;;Kürzel;short;;;;;;;;;;;249
in;;in;in;;;;;;;;;;;250
article;;Produkte;products;;;;;;;;;;;251
setupAll;;Grundeinstellungen;basic setup;;;;;;;;;;;252
bigger;;größer als;more than;;;;;;;;;;;253
smaller;;kleiner als;less than;;;;;;;;;;;254
choice;;auswählen;select;;;;;;;;;;;255
setup;;Einstellungen;Settings;;;;;;;;;;;256
dauer;;Einstelldauer;set duration;;;;;;;;;;;257
bestandOwnTxt;;Eigenen Lagerbestand einschränken;limit displayed inventory to your own warehouse;;;;;;;;;;;258
bestandTxt;;Filter - Bestand;filter - inventory;;;;;;;;;;;259
go;;Goldschmuck;gold jewelry;;;;;;;;;;;260
si;;Silberschmuck;silver jevelry;;;;;;;;;;;261
amd;;Doubleschmuck;gold plated jewelry;;;;;;;;;;;262
mo;;Modeschmuck;fashion jewelry;;;;;;;;;;;263
gl;;Glasschmuck;glass jewelry;;;;;;;;;;;264
ha;;Halbfabrikate (lose Teile);loose parts;;;;;;;;;;;265
backList;;zurück zur Liste;back to the list;;;;;;;;;;;266
offline;;sperren;offline;;;;;;;;;;;267
newFileTxt;;Eine neue Datei anlegen;create a new file;;;;;;;;;;;268
nowNew;;Neu anlegen;create now;;;;;;;;;;;269
language;;Sprache » Land;language » country;;;;;;;;;;;270
fileName;;Dateiname;file name;;;;;;;;;;;271
seeThat;;Vorschau;preview;;;;;;;;;;;272
existsFile;;vorhandene Dateien;existing files;;;;;;;;;;;273
online;;freischalten;approving;;;;;;;;;;;274
zipCode;;PLZ;zip code;;;;;;;;;;;275
edit;;bearbeiten;edit;;;;;;;;;;;276
umsatz;;Umsatz;sales volume;;;;;;;;;;;277
town;;Ort;City/Town;;;;;;;;;;;278
toTop;;nach oben;top;;;;;;;;;;;279
subject;;Betreff;subject;;;;;;;;;;;280
street;;Straße;street;;;;;;;;;;;281
sonst;;Sonstiges;miscellaneous;;;;;;;;;;;282
setupSee;;Einstellungen anzeigen;show settings;;;;;;;;;;;283
server;;Server;server;;;;;;;;;;;284
sendPassEmailSubject;;Ihre Zugangsdaten;Your access data;;;;;;;;;;;285
sendPassEmail;;Hallo __db::vname__ __db::name__.[break][break]Mit dieser Email erhalten Sie Ihre Zugangsdaten[break]für die Seite www.csv4you.de.[break][break]Benutzer: __db::email__[break]Passwort: __db::pass__[break][break]Mit freundlichen Grüßen[break]Ihre Team von csv4you;Hello __db::vname__ __db::name__.[break][break]This Email is to notify you of your access data[break]for our web site www.csv4you.com.[break][break]Username: __db::email__[break]Password: __db::pass__[break][break]Best Regards[break]The team of csv4you;;;;;;;;;;;286
sendPass;;Es wurde eine Email an Ihre hinterlegte Email-Adresse gesendet. ;Email has been send to your e-mail address.;;;;;;;;;;;287
sendokText;;Wir beantworten  Ihre Nachricht innerhalb von 24-48 Stunden, während unserer Geschäftszeiten von Montag bis Freitag.;We will answer to your message within 25 h during our normal business time from Monday through Friday.;;;;;;;;;;;288
sendok;;Vielen Dank!<br />Ihre Anfrage wurde erfolgreich gesendet.;Your enquiry has been successful transmitted to us.;;;;;;;;;;;289
save;;Speichern;save;;;;;;;;;;;290
saveUnder;;als neuen Datensatz speichern;save as new record;;;;;;;;;;;291
picUse;;Bildbenutzung;picture usage;;;;;;;;;;;292
picDataBecome;;Bilddateien erhalten;picture files received;;;;;;;;;;;293
okStatus;;Der Status wurde erfolgreich geändert;status change successful;;;;;;;;;;;294
okUpload;;Ihre Datei wurde geladen.;file(s) load successful;;;;;;;;;;;295
page;;Seite;page;;;;;;;;;;;296
password;;Passwort;password;;;;;;;;;;;297
phone;;Telefon;telephone;;;;;;;;;;;298
okSaveSearch;;Suche wurde erfolgreich gespeichert.;Your search has been saved.;;;;;;;;;;;299
okNew;;Eintrag wurde erfolgreich angelegt;record created;;;;;;;;;;;300
okLogout;;Sie haben sich erfolgreich vom System abgemeldet.;Your are loged off.;;;;;;;;;;;301
okEdit;;Aktualisierung erfolgreich durchgeführt;update successful;;;;;;;;;;;302
noDB;;Es konnte nicht in die Datenbank geschrieben werden;unable to write into data base;;;;;;;;;;;303
noUpload;;Ihre Daten konnten nicht geladen werden.;unable to load file;;;;;;;;;;;304
notEmail;;Prüfen Sie Ihre Emailadresse(n)!;Check your e-Mail address!;;;;;;;;;;;305
notBlank;;Rot markierte Felder müssen ausgefüllt werden!;Red marked fields must be filled in!;;;;;;;;;;;306
noResult;;Leider konnten keine passenden Ergebnisse zu Ihrer Suche gefunden werden.;Unfortunately, there are no results that match your search criteria.;;;;;;;;;;;307
noreadDB;;Es konnte nicht aus der Datenbank gelesen werden;unable to read from data base;;;;;;;;;;;308
noNew;;Eintrag konnte nicht angelegt werden;unable to create record;;;;;;;;;;;309
noEntry;;Ihre Zugangsdaten sind uns nicht bekannt.<br />Vielleicht haben Sie sich nur vertippt? <br />Bitte versuchen Sie es noch einmal.;Your user data did not match our records.<br />Maybe you just misspelled? Please, try again.;;;;;;;;;;;310
newsletter;;Newsletter;newsletter;;;;;;;;;;;311
noEdit;;Aktualisierung konnte nicht durchgeführt werden.;unable to execute update;;;;;;;;;;;312
nameofMember;;Name des Kunden;member's name;;;;;;;;;;;313
signIn;;Anmeldung;Sign In;;;;;;;;;;;314
forgotPassword;;Password vergessen?;Forgot your password?;;;;;;;;;;;315
memberName;;Benutzername;username;;;;;;;;;;;316
ammount;;Menge;ammount;;;;;;;;;;;317
menueHeadline2;;CSV-Dateien;CSV-Files;;;;;;;;;;;318
mitteilung;;Ihre Nachricht;message;;;;;;;;;;;320
myAccount;;Mein Konto;my account;;;;;;;;;;;321
name;;Vorname Name;first name, last name;;;;;;;;;;;322
loginText;;Bitte geben Sie hier Email-Adresse und Passwort ein.;Please, enter your emailadress and password.;;;;;;;;;;;323
loginHeadline;;Melden Sie sich hier mit Ihren Zugangsdaten an;Login yourself with your access data here;;;;;;;;;;;324
controlOrder;;Prüfen und Bestellen;control and order;;;;;;;;;;;325
lock;;Zugang sperren;ban from access;;;;;;;;;;;326
lastSite;;letzte Seite;last page;;;;;;;;;;;327
lastName;;Name;last name;;;;;;;;;;;328
lastLogin;;Letzter Login;last login;;;;;;;;;;;329
kHead3;;FTP-Zugangsdaten Bilder;FTP access data for picture;;;;;;;;;;;330
kHead2;;Zugang zum CSV-Bereich;access to CSV-area;;;;;;;;;;;331
kHead1;;Kundendaten;customer data;;;;;;;;;;;332
kdnr;;Kundennummer;customer ID no.;;;;;;;;;;;333
kat;;Kategorie;category;;;;;;;;;;;334
indFile;;Individuelle Datei;individual file;;;;;;;;;;;335
yourFile;;Ihre Datei;your file;;;;;;;;;;;336
theirFiles;;Ihre Dateien;your files;;;;;;;;;;;337
fshop;;Filialshop;filialshop;;;;;;;;;;;338
formZeile3;;0,00 EUR Umsatz;0.00 € sales volume;;;;;;;;;;;339
formZeile4;;Nutzer gesperrt!;Banned user!;;;;;;;;;;;340
formZeile2;;länger als 2 Monate nicht eingeloggt;not logged in for more then 2 month;;;;;;;;;;;341
formZeile1;;länger als 1 Monat nicht eingeloggt;not logged in for more then 1 month;;;;;;;;;;;342
forgetPassText;;Bitte Ihre E-Mail-Adresse eingeben. Die Zugangsdaten werden Ihnen dann zugeschickt.;Please, enter your e-Mail address and we will send your access data immediately to you.;;;;;;;;;;;343
firstSite;;erste Seite;first page;;;;;;;;;;;344
firstName;;Vorname;first name;;;;;;;;;;;345
firma;;Firma;firm;;;;;;;;;;;346
files;;Dateien;files;;;;;;;;;;;347
file;;Datei;file;;;;;;;;;;;348
nofile;;Die ausgewählte Datei konnte nicht gefunden werden.;This file ist not readable.;;;;;;;;;;;349
noFileText;;<fieldset class="missing">%BREAK%<h2 class="txtRed">Es wurde bisher noch keine Schnittstelle aktiviert.</h2>%BREAK%Sie haben folgende Auswahlmöglichkeiten:<br /><br />%BREAK%<a href="'.makelink(11).'" class="arrow">Individuelle Schnittstellen aktivieren</a><br />%BREAK%<a href="'.makelink(38).'" class="arrow">Eine Standard-Schnittstelle auswählen</a><br /></fieldset>;;;;;;;;;;;;557
existsEmail;;Diese Emailadresse ist bereits registriert.;This email address is already  registered.;;;;;;;;;;;350
falseCode;;Geben Sie bitte die richtigen Zeichen der Spamschutz-Grafik ein.;Please, enter the correct character string found in the anti-SPAM picture.;;;;;;;;;;;351
errorText;;Es ist ein Fehler aufgetreten!;An error occurred!;;;;;;;;;;;352
errorStart;;Es traten folgende Fehler auf:;The following errors occurred:;;;;;;;;;;;353
download;;Download;download;;;;;;;;;;;354
email;;E-Mail;e-Mail;;;;;;;;;;;355
dataSortHead;;Einträge sortieren nach;sort records by;;;;;;;;;;;356
delete;;Löschen;delete;;;;;;;;;;;357
desc;;absteigend;descending;;;;;;;;;;;358
directory;;Verzeichnis;directory;;;;;;;;;;;359
country;;Land;country;;;;;;;;;;;360
dataSheet;;Datensatz;record;;;;;;;;;;;361
contactHead;;<h3>Kontaktseite</h3><div class=white><p>Bitte benutzen Sie für Anfragen und Anmeldungen dieses E-Mail-Formular.<br>Felder mit Sternchen <span class=inhalt_red>*</span> müssen ausgefüllt werden.</p></div>;<h3>enquiry form</h3><div class=white><p>Please use this e-Mail form for enquiries.<br>All fields with <span class=inhalt_red>*</span> are required.</p></div>;;;;;;;;;;;362
comment;;Kommentar;comment;;;;;;;;;;;363
choiceFile;;Wählen Sie eine Datei;Choose a file;;;;;;;;;;;364
captchaField;;Spamgrafik;anti-SPAM picture;;;;;;;;;;;365
captchaText;;Bitte mit der Zeichenfolge bestätigen;Please confirm with the character string below;;;;;;;;;;;366
abteilung;Abteilung;Abteilung;department;;;;;;;;;;;367
admin;;Administration;administration;;;;;;;;;;;368
administrator;;Administrator;administrator;;;;;;;;;;;369
asc;;aufsteigend;ascending;;;;;;;;;;;370
back;;zurück;back;;;;;;;;;;;371
freeTo;;Frei bis;free to;;;;;;;;;;;372
shoppingcartempty;;Zur Zeit befinden sich keine Artikel im Warenkorb!;Shoppinpcart is empty;;;;;;;;;;;373
gotocheckout;;Zur Kasse gehen;go to checkout;;;;;;;;;;;374
repeat;;wiederholen;repeat;;;;;;;;;;;375
markedFields;;markierte Felder mit Stern sind Pflichtfelder;marked fields are duty;;;;;;;;;;;376
loginForMembers;;Login für angemeldete Benutzer;login for members;;;;;;;;;;;377
loginForNewCustomers;;Anmeldung für Neukunden;Login for new customers;;;;;;;;;;;378
billingaddress;;Rechnungsadresse;Billing Address;;;;;;;;;;;379
submitOrderNow;;Bestellung abschicken;Submit order now;;;;;;;;;;;380
orderThanks;;Vielen Dank für Ihre Bestellung.;Thanks for you order.;;;;;;;;;;;381
orderThanksTxt;;Ihre Bestellung wurde erfolgreich angenommen.<br />Es wurde eine Bestätigungsmail an Ihre hinterlegte E-Mail Adresse geschickt.;;;;;;;;;;;;382
paynow;;Jetzt bezahlen;Pay Now;;;;;;;;;;;383
paypalTxt;;Sie haben als Zahlungsmethode <strong>PayPal</strong> ausgewählt.<br />Mit klicken auf Jetzt bezahlen werden Sie zu Paypal weitergeleitet.;;;;;;;;;;;;384
payok;;Bezahlung erfolgreich abgeschlossen;;;;;;;;;;;;385
payokTxt;;Ihre Bestellung wird jetzt bearbeitet und schnellstens ausgeliefert.<br /><br />%BREAK%Vielen Dank.;;;;;;;;;;;;386
payAlreadyOk;;Bezahlung wurde bereits abgeschlossen;;;;;;;;;;;;387
payAlreadyOkTxt;;Sollte Ihre Zahlung noch nicht erfolgt sein,<br />wenden Sie sich bitte per Telefon oder Email an uns.<br /><br />Vielen Dank.;;;;;;;;;;;;388
payment;;Bezahlung;Payment ;;;;;;;;;;;389
vorkasseTxt;;Sie haben als Zahlungsmethode <strong>Vorkasse</strong> gewählt.%BREAK%<br />Überweisen Sie bitte den Rechnungsbetrag an unten stehende Bankverbindung.;;;;;;;;;;;;390
orderNumber;;Bestellnummer;Ordernumber;;;;;;;;;;;391
totalbill;;Rechnungsbetrag;total bill;;;;;;;;;;;392
nachnahmeTxt;;Sie haben als Zahlungsmethode <strong>Nachnahme</strong> gewählt.%BREAK%  <br /><br />%BREAK%  Der Rechnungsbetrag wird direkt an den Kurier bezahlt.<br /><br />%BREAK%  Die DHL berechnet bei Nachnahmesendungen innerhalb Deutschlands zusätzlich noch einmal die sogenannte Geldübermittlungsgebühr. %BREAK%  Diese Gebühr muss der Empfänger beim Empfang des Pakets an den Postboten zahlen.<br /><br />%BREAK%  Bei Nachnahmen ins Ausland können ebenfalls zusätzliche Kosten anfallen.<br />Bitte erkundigen Sie sich über die genaue Höhe dieser Kosten bei Ihrer zuständigen Postfiliale.;;;;;;;;;;;;393
shoppingCartHeadline;;Meine Auswahl;my article;;;;;;;;;;;394
withoutTax;;Nettobetrag;without tax;;;;;;;;;;;395
annualFee;;Jahresgebühr;Annual Fee;;;;;;;;;;;396
totalSub;;Zwischensumme ;sub total;;;;;;;;;;;397
timeFee;;einmalige Gebühr;time fee;;;;;;;;;;;398
website;;Webseite;website;;;;;;;;;;;399
update;;aktualisiert;updated;;;;;;;;;;;400
cancel;;abbrechen;cancel;;;;;;;;;;;401
myCart;;Mein Warenkorb;my shoppingcart;;;;;;;;;;;402
expiredOn;;inaktiv seit;expired on;;;;;;;;;;;403
completed;;abgeschlossen;completed;;;;;;;;;;;404
openFrameTxtHeadline;;Ihre Datei wird jetzt erstellt.;the file is building.;;;;;;;;;;;405
other;;Sonstiges;other;;;;;;;;;;;406
adress;;Adresse;adress;;;;;;;;;;;407
ftp;;FTP;FTP;;;;;;;;;;;408
myOrder;;Meine Bestellungen;my orders;;;;;;;;;;;409
order;;Bestellung;order;;;;;;;;;;;410
duration;;Dauer;duration;;;;;;;;;;;411
month;;Monat(e);month(s);;;;;;;;;;;412
print;;drucken;print;;;;;;;;;;;413
bill;;Rechnung;billing;;;;;;;;;;;414
forgetLogin;;Benutzerdaten vergessen?;Forgot your access data?;;;;;;;;;;;415
recordDelete;;Diesen Eintrag löschen;Delete this record;;;;;;;;;;;416
info;;Informationen;information;;;;;;;;;;;417
continue;;Weiter;Continue;;;;;;;;;;;418
cart;;Warenkorb;shoppingcart;;;;;;;;;;;419
agbText;;Mit Ihrer Anmeldung erklären Sie sich mit unseren <a href='.makelink(16).'>AGB</a> sowie unserer <a href='.makelink(30).'>Datenschutzerklärung</a> einverstanden.;;;;;;;;;;;;420
safety;;Sicherheit;safety;;;;;;;;;;;421
legalNotice;;Rechtliche Hinweise;Legal Notice;;;;;;;;;;;422
thankYou;;Vielen Dank;Thank you;;;;;;;;;;;423
quantity;;Bestand;quantity;;;;;;;;;;;424
productName;;Name;name;;;;;;;;;;;425
itemno;;ID;id;;;;;;;;;;;426
newProduct;;Neuen Datensatz anlegen;Create a new record;;;;;;;;;;;427
productLangText;;Spracheinstellungen;;;;;;;;;;;;428
product;;Produkt;product;;;;;;;;;;;429
crossArticle;;Dazu passende Produkte;cross-article;;;;;;;;;;;430
descr;;Beschreibung;description;;;;;;;;;;;431
properties;;Freifelder/Variationen;Free fields/variations;;;;;;;;;;;432
picture;;Bild;Image;;;;;;;;;;;433
untitled;;unbenannt;untitled;;;;;;;;;;;434
productOfPage;;Sichtbare pro Seite;see on page;;;;;;;;;;;435
newCat;;Neue Kategorie anlegen;Add category;;;;;;;;;;;436
noDeleteEntry;;Dieser Eintrag kann nicht gelöscht werden. ;;;;;;;;;;;;437
products;;Produkte;products;;;;;;;;;;;438
choiceAll;;alle auswählen;select all;;;;;;;;;;;439
extCat;;Externe Kategorien;Extern categories;;;;;;;;;;;440
list;;Liste;list;;;;;;;;;;;441
paysoonok;;Ihre Bezahlung wird nach erfolgreicher Prüfung abgeschlossen.;;;;;;;;;;;;442
paynotok;;Bezahlung konnte nicht abgeschlossen werden.;;;;;;;;;;;;443
date;;Datum;date;;;;;;;;;;;444
sum;;Summe;sum;;;;;;;;;;;445
paymentOptions;;Zahlungsmöglichkeiten;payment options;;;;;;;;;;;446
accessData;;Zugangsdaten;access data;;;;;;;;;;;447
passwordRepeat;;Passwort wiederholen;password Repeat;;;;;;;;;;;448
contact;;Kontakt;contact;;;;;;;;;;;449
general;;allgemein;general;;;;;;;;;;;450
myProducts;;Meine Daten;my data;;;;;;;;;;;451
ownProducts;;Eigener Datenpool;Own datapool;;;;;;;;;;;452
okSeller;;Sie haben den Händler erfolgreich gewechselt.;seller changed successfully;;;;;;;;;;;453
noSeller;;Der Händler konnte nicht gewechselt werden.;seller changed no successfully;;;;;;;;;;;454
noSellerText;;<fieldset class="missing">%BREAK%<h2 class=txtRed>Sie müssen zuerst Ihre Grundeinstellungen bearbeiten, da mindestens eine Sprache angelegt sein muss!</h2>%BREAK%%BREAK%Sie haben folgende Auswahlmöglichkeiten:<br /><br />%BREAK%  <a href="'.makelink(34).'" class="arrow">Grundeinstellungen jetzt bearbeiten ...</a>%BREAK%</fieldset>;;;;;;;;;;;;455
noProductText;;<h2 class=txtRed>Sie haben noch keine Daten angelegt.</h2>%BREAK%<fieldset class="missing">Sie haben folgende Auswahlmöglichkeiten:<br /><br />%BREAK%  <a href="'.makelink(33).'" class="arrow">Daten anlegen</a>%BREAK%</fieldset>;;;;;;;;;;;;456
separator;;Trennzeichen Datenfeld;separator;;;;;;;;;;;457
textRecognition;;Texterkennungszeichen;text recognition;;;;;;;;;;;458
convert;;Jetzt konvertieren;convert now;;;;;;;;;;;459
fileSearch;;Dateiauswahl;search file;;;;;;;;;;;460
fileUpload;;Datei wird hochgeladen;upload file;;;;;;;;;;;461
change;;ändern;change;;;;;;;;;;;462
confirm;;bestätigen;confirm;;;;;;;;;;;463
unlockHeadline;;Weitere Schnittstellen;More interfaces;;;;;;;;;;;464
unlockText;;Bei jedem Abonnement werden monatlich von Ihrem Konto Credits abgezogen,<br />bis Sie dieses kündigen oder Ihre Credits für eine Verlängerung nicht mehr ausreichen.;Bei jedem Abonnement werden monatlich von Ihrem Konto Credits abgezogen,<br />bis Sie dieses kündigen oder Ihre Credits für eine Verlängerung nicht mehr ausreichen.;;;;;;;;;;;465
template;;Template;template;;;;;;;;;;;466
bestDelete;;Ja, es soll gelöscht werden;yes, delete this record;;;;;;;;;;;467
txtDelete;;Wollen Sie diese Daten löschen?;Delete this record?;;;;;;;;;;;468
xmlTag;;XML-Element der Produktdaten;XML element of the product data;;;;;;;;;;;628
lastInterfaceUpdate;;Letzte Aktualisierung der Schnittstelle:;Last update of the interface:;;;;;;;;;;;627
deactivate;;deaktivieren;deactivate;;;;;;;;;;;625
activate;;aktivieren;activate;;;;;;;;;;;626
noCredits;;Ihre Credits sind aufgebraucht.;;;;;;;;;;;;476
actionButtonTxt;;» mögliche Optionen;» available options;;;;;;;;;;;477
noAction;;Dieser Vorgang wurde abgebrochen.;unable to load file;;;;;;;;;;;478
readFileButtonImport;;Daten Importieren / Vorlage speichern;import now;;;;;;;;;;;479
allTemplates;;Vorhandene Template;exists templates;;;;;;;;;;;480
falseTransID;;Diese angegebene Transaktions-ID ist fehlerhaft oder es liegt keine Zahlung mit dieser ID vor.;;;;;;;;;;;;481
publicData;;Öffentlich;public;;;;;;;;;;;502
change;;wechseln;change;;;;;;;;;;;482
myAccountRecharge;;Mein Konto aufladen;recharge my account;;;;;;;;;;;483
paymentCheck;;Zahlung überprüfen bei nicht gebuchter Credits;Payment check in not booked credits;;;;;;;;;;;484
paymentCheckHead;;Zahlung überprüfen;Payment check;;;;;;;;;;;485
column;;Spalte;Column;;;;;;;;;;;486
assignmentColumns;;Spaltenzuordnung;Columns assignment;;;;;;;;;;;487
subscribeTo;;aktivieren;subscribe to;;;;;;;;;;;488
unlockInterfaces;;Schnittstelle aktivieren;interface activate;;;;;;;;;;;489
subscribed;;aktiviert;activated;;;;;;;;;;;490
cancelSubscription;Abonnement/Schnittstelle deaktivieren;Schnittstelle deaktivieren;deactivate interface;;;;;;;;;;;491
endAbo;Abonnement/Schnittstelle wurde deaktiviert.;Abonnement/Schnittstelle wurde deaktiviert.;Subscription/interface has been deactivated.;;;;;;;;;;;492
lastActivities;;Ihre letzten Aktivitäten;Your last activities;;;;;;;;;;;493
okAbo;;Abonnement/Schnittstelle wurde aktiviert.;Subscription/Interface has been activated.;;;;;;;;;;;494
unlockOption;;Weitere Optionen;More options;;;;;;;;;;;495
optionBooking;;Optionen buchen;booking options;;;;;;;;;;;496
subscription;;Abonnement;Subscription;;;;;;;;;;;497
option;;Optionen;options;;;;;;;;;;;498
noSubscriptionText;Diese Option wurde noch nicht aktiviert.;<fieldset class="missing">%BREAK%<h2 class=txtRed>Diese Option wurde noch nicht aktiviert.</h2>%BREAK%Mit dem folgenden Link können Sie diesen Service für sich freischalten:<br /><br />%BREAK%  <a href="'.makelink(38).'" class="arrow">Option jetzt aktivieren</a>%BREAK%</span></fieldset>;;;;;;;;;;;;499
choiceCatClass;;Kategoriezuordnung wählen;select a categories classification;;;;;;;;;;;500
artBelongTo;;Produkt in interner Kategorie;product in intern category;;;;;;;;;;;506
vorlage;;Vorlage;template;;;;;;;;;;;503
vorlagen;;Vorlagen;templates;;;;;;;;;;;504
readFileTxtConvert;;Datendatei konvertieren;data file convert;;;;;;;;;;;505
mydataSupplier;Anbieterdaten, Kontaktdaten;Anbieterdaten;supplier data;;;;;;;;;;;507
mydataContact;Ansprechpartner;Ansprechpartner;Contact;;;;;;;;;;;508
fax;Fax Telefax;Fax;fax;;;;;;;;;;;509
webAddress;Web-Adresse;Web-Adresse;web address;;;;;;;;;;;510
infoCompanyProducts;Angaben zu Firma und Produkten;Angaben zu Firma und Produkten;Information on company and products;;;;;;;;;;;511
headline;Überschrift;Überschrift;headline;;;;;;;;;;;512
nameContactSupplier;Firma, Name und Ansprechpartner;Firma, Name und Ansprechpartner;Company, Name and Contact;;;;;;;;;;;513
addressSupplier;Anschrift des Anbieters;Firmen-Anschrift;Supplier address;;;;;;;;;;;514
contactDetails;Kontaktdaten Anbieter;Kontaktdaten;Contact details;;;;;;;;;;;515
sellerInfo;;Anbieter-Informationen;seller information;;;;;;;;;;;516
compareFileButton;;Dateien jetzt vergleichen;compare now;;;;;;;;;;;517
compareFileTxt;;2 Dateien miteinander vergleichen;2 files compare;;;;;;;;;;;518
okUploads;;Dateien wurden geladen;files load successful;;;;;;;;;;;519
dataSheets;;Datensätze;records;;;;;;;;;;;520
refresh;;aktualisieren;update;;;;;;;;;;;521
nameTemplate;;Name der Vorlage;template name;;;;;;;;;;;523
nameCategoryTemplate;;Name Ihrer Kategoriezuordnung;name of your category template;;;;;;;;;;;524
downloadCSV;;Download Exportdatei;export file download;;;;;;;;;;;525
error_noCSVFile;;error_noCSVFile;;;;;;;;;;;;526
error_noCredits;;error_noCredits;;;;;;;;;;;;527
choiceColsName;;Spaltenname in Importdatei;import file column name;;;;;;;;;;;528
preDefinedContent;;vordefinierter Inhalt;predefined content;;;;;;;;;;;529
colsName;;Spaltenname in Schnittstelle;interface column name;;;;;;;;;;;530
ColumnNameInRow;;Spaltennamen stehen in Zeile;Column-names in row;;;;;;;;;;;531
convertInFile;Konvertieren in Datei für;Umwandeln in Datei für;convert as file for;;;;;;;;;;;532
columnClass;Vorlage Spaltenzuordnung;Vorlage Spaltenzuordnung;template column class;;;;;;;;;;;534
templateSave;Vorlage speichern;Vorlage speichern;template save;;;;;;;;;;;535
fileType;Datei-Typ;Datei-Typ;file type;;;;;;;;;;;536
deleteAllDataRecords;;ALLE bereits vorhandenen Datensätze dieser Datenquelle vorher löschen?;delete ALL existing data records in the datasource?;;;;;;;;;;;537
registerButtonTxt;;Jetzt kostenfrei einen Account registrieren!;Register now for free account!;;;;;;;;;;;602
noCategory;;Es wurden keine Kategorienzuordnungen gefunden!;No matching categories found!;;;;;;;;;;;538
subscriptions;subscriptions, Abonnements, Schnittstellen;Schnittstellen;Interfaces;;;;;;;;;;;539
unlockMoreInterfaces;;Neue Schnittstellen aktivieren;activate new interfaces;;;;;;;;;;;540
interface;;Schnittstelle(n);interface(s);;;;;;;;;;;541
wantToBookOption;;Möchten Sie diese Option aktivieren?;Do you want to activate this option?;;;;;;;;;;;542
wantToCancelSubscription;Möchten Sie dieses Abonnement/Schnittstelle deaktivieren?;Möchten Sie diese Schnittstelle deaktivieren? Achtung: Alle Daten werden gelöscht!;Do you want to deactivate this interface?;;;;;;;;;;;543
setupOwnInterfaces;;Grundeinstellungen Ihrer Schnittstelle;basic setup of your individuell interface;;;;;;;;;;;544
headOwnInterface;;Kopfbereich Ihrer Schnittstelle;head area of your interface;;;;;;;;;;;545
contentOwnInterface;;Inhaltsbereich Ihrer Schnittstelle;content area of your interface;;;;;;;;;;;546
footerOwnInterface;;Fußbereich Ihrer Schnittstelle;footer of your interface;;;;;;;;;;;547
PayPalAdress;;Paypal-Adresse;PayPal adress;;;;;;;;;;;548
paymentInstructions;;Zahlungshinweise für den Käufer (max. 500 Zeichen);Payment advices for the customer (max 500 signs);;;;;;;;;;;549
catIdentifiers;;Kategorie-Bezeichner;category identifiers;;;;;;;;;;;550
cronjob;;Cronjob;Cronjob;;;;;;;;;;;551
cronjobTxt;;Automatische Aktualisierung dieser Datei;Automatic update for this file;;;;;;;;;;;552
timeofday;;Uhrzeit;Time of day;;;;;;;;;;;553
modified;;geändert;modified;;;;;;;;;;;554
settingInfo;;Settings Informationen;settings information;;;;;;;;;;;555
overall;;insgesamt;overall;;;;;;;;;;;556
nameCronjob;;Name des Cronjobs;cronjob name;;;;;;;;;;;558
urlFileCronjob;;URL/FTP Importdatei;url/ftp import file;;;;;;;;;;;559
applySeller;;Händler übernehmen;apply seller;;;;;;;;;;;560
noSellerChoice;;Bitte Daten auswählen ...;Please select data ...;;;;;;;;;;;561
selectExportFile;;Exportdatei wählen;select export file;;;;;;;;;;;562
dataSource;;Datenquelle;Datasource;;;;;;;;;;;563
applyData;;Daten übernehmen;accept data;;;;;;;;;;;564
selectInterface;;Schnittstelle;interface;;;;;;;;;;;565
deleteAllCategories;;ALLE Kategorien zum Löschen markieren...;Mark ALL categories to deletion...;;;;;;;;;;;566
noCategorySeller;;Es wurden keine Kategorien für diese Datenquelle gefunden!;No matching categories found for this dadasource!;;;;;;;;;;;567
catExists;;Kategorie bereits vorhanden!;Category already exists!;;;;;;;;;;;568
refreshColumns;;Diese Einstellungen übernehmen;Make these settings;;;;;;;;;;;569
noEditDescr;;Titel/Beschreibungen nicht ändern;No edit title and description ;;;;;;;;;;;570
publicDataLimit;;Datenfreigabe nach Überprüfung des Nutzers;Data release after user verification;;;;;;;;;;;571
publicDataAll;;Daten für alle Nutzer freigeben;Sharing your data to all users;;;;;;;;;;;572
noExistsImportTemplate;;Sie haben noch keine Importvorlage angelegt.<br />Der Import von Daten muss mindestens 1x händisch durchgeführt werden muss (unter Datenpool ->Import).<br />Nur so wird eine Importvorlage gespeichert, welche Sie dann hier auswählen können.;No exists import template.;;;;;;;;;;;573
okCompare;;Daten wurden miteinander vergleichen.;complete files compare;;;;;;;;;;;574
deletedData;;Datensatz nicht vorhanden;record not available;;;;;;;;;;;575
newData;;Datensatz neu;record new;;;;;;;;;;;576
color;;Farbe;color;;;;;;;;;;;577
material;;Material;material;;;;;;;;;;;578
proberties;;Eigenschaften;proberties;;;;;;;;;;;579
priceold;;Alter Preis;old price;;;;;;;;;;;580
pricebasic;;Grundpreis;basic price;;;;;;;;;;;581
shippingCondition;;Versandkonditionen;shipping condition;;;;;;;;;;;582
smalldescr;;Kurzbeschreibung;short description;;;;;;;;;;;583
updateBlankField;;Leere Spalten nicht ins UPDATE einbeziehen!;Do not include empty columns to the UPDATE!;;;;;;;;;;;584
noFormat;;Formatierungen aus den Texten entfernen!;Remove formatting from the text!;;;;;;;;;;;585
listingFalseProductCat;;<h2>Datensätze sind einer Oberkategorie zugeordnet.</h2>%BREAK%Datensätze (Produkte) dürfen immer nur der jeweils letzten Unterkategorie zugeordnet sein (siehe Hilfetext!).;<h2>False category</h2>;;;;;;;;;;;586
listingFalseProductCatTxt;;Dieser Datensatz ist nicht einer der letzten Unterkategorien zugeordnet worden!(siehe Hilfetext!).;false category;;;;;;;;;;;587
ftpData;;FTP-Daten;ftp data;;;;;;;;;;;588
productFromCat;;Produkte aus folgenden Kategorien verwenden;Using products from the following categories;;;;;;;;;;;589
productWithoutCat;;Produkte ohne Kategoriezuordnung;Products unfiled;;;;;;;;;;;590
markedProductTxt;;Markierte Produkte folgender Kategorie zuordnen:;Assign selected products of the following category:;;;;;;;;;;;591
noColumnNameInRow;;keine Spaltennamen;no Column-names;;;;;;;;;;;592
compareProductCategory;;externe Produktkategorien abgleichen;syndicate product category;;;;;;;;;;;593
buildExtCat;;Externe Kategorien mit den internen Kategorien abgleichen?;Syndicate External categories with the internal categories?;;;;;;;;;;;594
deleteAllEntrys;;Datensätze zum Löschen markieren...;Mark records for deletion...;;;;;;;;;;;595
deleteAllTxt;;Alle ausgewählten Datensätze jetzt löschen?;Delete all selected records now?;;;;;;;;;;;596
newCronjobImportTxt;;Neuen Cronjob anlegen (Import);create new cronjob (import);;;;;;;;;;;597
okSupplier;;Sie haben die Datenquelle erfolgreich gewechselt.;data source changed successfully;;;;;;;;;;;599
noSupplier;;Die Datenquelle konnte nicht gewechselt werden.;data source changed no successfully;;;;;;;;;;;600
dataSources;;Datenquellen;Data sources;;;;;;;;;;;601
deleteAccount;;Account + Daten komplett löschen?;Delete account + data completely?;;;;;;;;;;;603
deleteAccountTxt;;Account und alle gespeicherten Daten JETZT unwideruflich löschen?!;Delete NOW this Account and all stored data irrevocably?!;;;;;;;;;;;604
openFrameTxtHeadlineImport;;Ihre Daten werden importiert.;Your data will be imported.;;;;;;;;;;;606
openFrameTxtImport;;Dieser Vorgang kann je nach Anzahl und Auswahl der Daten eine Weile dauern.<br />Das Fenster sollte während des Imports nicht geschlossen werden.;import file;;;;;;;;;;;607
openFrameTxtErrorImport;;<b>Es konnte nicht importiert werden.</b>;error;;;;;;;;;;;608
openFrameTxtErrorHeadlineImport;;Die Import konnte nicht gestartet werden.;import error;;;;;;;;;;;609
okImport;;<p>Produkte wurden erfolgreich importiert.</p>%BREAK%<a href="<?print makelink(33);?>" class="arrow">Zu meinen Produkten gehen ...</a><br />%BREAK%<a href="<?print makelink(7);?>" class="arrow">Exportdatei erstellen ...</a>;Products has been successfully imported.;;;;;;;;;;;610
newDataTxt;;Filter - Neuzugänge;new data;;;;;;;;;;;611
newData;;Nur neue Datensätze;Only new data records;;;;;;;;;;;612
columnSaveTemplate;;Als Vorlage speichern unter;save template;;;;;;;;;;;613
productTxtFrom;;Produkttexte verwenden aus;product texts using from;;;;;;;;;;;614
inCurrency;;In diese Währung umrechnen;Convert to this currency;;;;;;;;;;;615
noConvertCurrency;;Keine Umrechnung;no convert;;;;;;;;;;;616
advancedOption;;erweiterte Optionen;advanced options;;;;;;;;;;;617
availability;;Verfügbarkeit;Availability;;;;;;;;;;;618
masterData;;Stammdaten-Zuweisung;assign master data;;;;;;;;;;;619
assignMasterData;;Ihre Spalten den Stammdaten im Datenpool zuweisen;assign your columns to the master data;;;;;;;;;;;620
importOptions;;Import-Optionen;import options;;;;;;;;;;;621
selectImportOptions;;Import-Optionen wählen;select import options;;;;;;;;;;;622
basepriceunit;;Grundpreis Einheit;base price unit;;;;;;;;;;;623
basepricecontent;;Grundpreis Inhalt;base price content;;;;;;;;;;;624
fileChange;;Ihre Datei wird in das CSV-Format umgewandelt;Your file is converted to CSV format;;;;;;;;;;;629
allArticleWithQuantity;;Produkte mit Bestand;products with inventory;;;;;;;;;;;630
allArticleWithoutQuantity;;Produkte ohne Bestand;products without inventory;;;;;;;;;;;631
readMasterData;;Leere Produkttexte auffüllen?;Complete empty product texts?;;;;;;;;;;;632
katID;;Kategorie-ID;category-id;;;;;;;;;;;633
applyID;;ID übernehmen;accept id;;;;;;;;;;;634
productAttribute;;Artikelmerkmale;product attribute;;;;;;;;;;;635
readAttributesNeu;;Artikelmerkmale von eBay neu einlesen;read attributes from eBay now;;;;;;;;;;;636
lastSaveAttributes;;Letzte Speicherung der Artikelmerkmale;Last save the products attributes;;;;;;;;;;;637
cronjobImport;;Cronjob (Import);Cronjob (import);;;;;;;;;;;638
actionType;;Art des Eintrages;Type of Action;;;;;;;;;;;639
